date,daily_sales,day_of_week,day,month,is_weekend,lag_1,lag_7,lag_14,lag_28,rolling_mean_7,rolling_mean_14,rolling_std_7
2011-01-13,20624.64,3,13,1,0,24693.78,32634.47,45418.33,58960.79,33650.07857142857,28349.940714285716,17209.49940647939
2011-01-14,47576.9,4,14,1,0,20624.64,40382.85,7534.91,47748.38,31934.388571428568,26578.962857142855,17911.945096800104
2011-01-16,7242.06,6,16,1,1,47576.9,28836.59,26789.13,46943.71,32962.11,29439.105000000003,18667.90850115246
2011-01-17,29333.02,0,17,1,0,7242.06,15778.2,47304.090000000004,31774.95,29877.17714285714,28042.885714285716,21090.393660167276
2011-01-18,95978.05,1,18,1,0,29333.02,24569.07,6199.97,54830.46,31813.579999999994,26759.23785714286,20182.89534395483
2011-01-19,25934.57,2,19,1,0,95978.05,68655.59,12076.11,99618.2,42014.86285714286,33171.95785714286,31038.225541287375
2011-01-20,21246.99,3,20,1,0,25934.57,24693.78,16026.08,45389.98,35911.86,34161.84785714286,29064.152138164412
2011-01-21,32640.3,4,21,1,0,21246.99,20624.64,32634.47,53586.18,35419.46142857143,34534.770000000004,29314.005571343903
2011-01-23,10400.25,6,23,1,1,32640.3,47576.9,40382.85,59182.92,37135.98428571429,34535.186428571425,28647.50535366554
2011-01-24,25733.79,0,24,1,0,10400.25,7242.06,28836.59,17329.07,31825.034285714286,32393.572142857145,29811.689025883163
2011-01-25,29077.47,1,25,1,0,25733.79,29333.02,15778.2,38006.71,34466.71,32171.943571428572,28036.73867629104
2011-01-26,19922.29,2,26,1,0,29077.47,95978.05,24569.07,45254.73,34430.20285714286,33121.89142857143,28044.702705314794
2011-01-27,23730.84,3,27,1,0,19922.29,25934.57,68655.59,30444.62,23565.094285714287,32789.97857142857,7245.919042748293
2011-01-28,20090.65,4,28,1,0,23730.84,21246.99,24693.78,49352.9,23250.27571428571,29581.067857142858,7173.322544855278
2011-01-30,6615.75,6,30,1,1,20090.65,32640.3,20624.64,45418.33,23085.084285714285,29252.272857142863,7240.1473458760265
2011-01-31,23640.36,0,31,1,0,6615.75,10400.25,47576.9,7534.91,19367.29142857143,28251.63785714286,8141.471405789092
2011-02-01,29034.99,1,1,2,0,23640.36,25733.79,7242.06,26789.13,21258.735714285714,26541.885000000002,7193.8595637804665
2011-02-02,21216.2,2,2,2,0,29034.99,29077.47,29333.02,47304.090000000004,21730.335714285717,28098.522857142856,7631.042594521124
2011-02-03,23479.83,3,3,2,0,21216.2,19922.29,95978.05,6199.97,20607.29714285714,27518.75,6914.38488908384
2011-02-04,25162.19,4,4,2,0,23479.83,23730.84,25934.57,12076.11,21115.51714285714,22340.305714285718,6986.015884335717
2011-02-06,3457.11,6,6,2,1,25162.19,20090.65,21246.99,16026.08,21319.995714285713,22285.135714285716,7095.414890142955
2011-02-07,25955.01,0,7,2,0,3457.11,6615.75,32640.3,32634.47,18943.77571428571,21014.43,9832.903263339658
2011-02-08,20949.92,1,8,2,0,25955.01,23640.36,10400.25,40382.85,21706.527142857143,20536.90928571429,8404.993947268747
2011-02-09,16692.58,2,9,2,0,20949.92,29034.99,25733.79,28836.59,21322.178571428572,21290.457142857143,8363.235195390283
2011-02-10,14896.460000000001,3,10,2,0,16692.58,21216.2,29077.47,15778.2,19558.977142857144,20644.65642857143,7744.307430368296
2011-02-11,22873.1,4,11,2,0,14896.460000000001,23479.83,19922.29,24569.07,18656.15714285714,19631.727142857144,7885.988379173381
2011-02-13,5713.63,6,13,2,1,22873.1,25162.19,23730.84,68655.59,18569.481428571427,19842.499285714286,7827.250206493215
2011-02-14,26703.51,0,14,2,0,5713.63,3457.11,20090.65,24693.78,15791.115714285714,18555.555714285714,8518.303549022876
2011-02-15,39875.74,1,15,2,0,26703.51,25955.01,6615.75,20624.64,19112.030000000002,19027.902857142857,7361.185619576994
2011-02-16,24949.1,2,16,2,0,39875.74,20949.92,23640.36,47576.9,21100.705714285716,21403.61642857143,10659.454194616581
2011-02-17,26372.670000000002,3,17,2,0,24949.1,16692.58,29034.99,7242.06,21672.01714285714,21497.097857142857,10756.75297484132
2011-02-18,16208.75,4,18,2,0,26372.670000000002,14896.460000000001,21216.2,29333.02,23054.887142857147,21306.932142857142,10631.41135453446
2011-02-20,9624.69,6,20,2,1,16208.75,22873.1,23479.83,95978.05,23242.35714285714,20949.257142857146,10473.976399177356
2011-02-21,36388.75,0,21,2,0,9624.69,5713.63,25162.19,25934.57,21349.727142857148,19959.604285714286,11679.435338954714
2011-02-22,32498.35,1,22,2,0,36388.75,26703.51,3457.11,21246.99,25731.887142857147,20761.50142857143,10533.412313510958
2011-02-23,26891.6,2,23,2,0,32498.35,39875.74,25955.01,32640.3,26559.721428571425,22835.875714285714,10845.586284958568
2011-02-24,22809.84,3,24,2,0,26891.6,24949.1,20949.92,10400.25,24704.844285714287,22902.774999999998,9169.426185906928
2011-02-25,20595.74,4,25,2,0,22809.84,26372.670000000002,16692.58,25733.79,24399.235714285714,23035.62642857143,9195.541162878653
2011-02-27,9526.5,6,27,2,1,20595.74,16208.75,14896.460000000001,29077.47,23573.959999999995,23314.42357142857,9247.994741254295
2011-02-28,21755.63,0,28,2,0,9526.5,9624.69,22873.1,19922.29,22619.352857142854,22930.855,10407.195675210698
2011-03-01,26354.96,1,1,3,0,21755.63,36388.75,5713.63,23730.84,24352.344285714284,22851.035714285714,8762.802731768854
2011-03-02,18690.79,2,2,3,0,26354.96,32498.35,26703.51,20090.65,22918.945714285714,24325.41642857143,7135.279219292146
2011-03-03,36404.0,3,3,3,0,18690.79,26891.6,39875.74,6615.75,20946.437142857143,23753.079285714284,5835.952379405689
2011-03-04,19506.8,4,4,3,0,36404.0,22809.84,24949.1,23640.36,22305.35142857143,23505.097857142857,8113.926226775054
2011-03-06,10005.37,6,6,3,1,19506.8,20595.74,26372.670000000002,29034.99,21833.488571428574,23116.362142857142,8175.508061371358
2011-03-07,32356.55,0,7,3,0,10005.37,9526.5,16208.75,21216.2,20320.57857142857,21947.269285714287,9339.733071723627
2011-03-08,25081.62,1,8,3,0,32356.55,21755.63,9624.69,23479.83,23582.014285714282,23100.683571428573,8918.869684556203
2011-03-09,22038.84,2,9,3,0,25081.62,26354.96,36388.75,25162.19,24057.155714285716,24204.75,8893.914031514041
2011-03-10,26120.22,3,10,3,0,22038.84,18690.79,32498.35,3457.11,23440.567142857144,23179.756428571425,8857.601860567242
2011-03-11,25475.18,4,11,3,0,26120.22,36404.0,26891.6,25955.01,24501.91428571429,22724.175714285717,8635.94828364141
2011-03-13,4148.12,6,13,3,1,25475.18,19506.8,22809.84,20949.92,22940.65428571429,22623.002857142856,6948.650814289707
2011-03-14,26019.55,0,14,3,0,4148.12,10005.37,20595.74,16692.58,20746.557142857142,21290.022857142856,9978.076322215498
2011-03-15,23493.49,1,15,3,0,26019.55,32356.55,9526.5,14896.460000000001,23034.297142857144,21677.437857142857,8880.382075415313
2011-03-16,21948.36,2,16,3,0,23493.49,25081.62,21755.63,22873.1,21768.145714285714,22675.079999999998,7908.345786774607
2011-03-17,39904.94,3,17,3,0,21948.36,22038.84,26354.96,5713.63,21320.537142857145,22688.846428571433,7777.129824184771
2011-03-18,28171.79,4,18,3,0,39904.94,26120.22,18690.79,26703.51,23872.837142857144,23656.702142857142,10505.291629660946
2011-03-20,22153.49,6,20,3,1,28171.79,25475.18,36404.0,39875.74,24165.918571428574,24333.91642857143,10606.569522708467
2011-03-21,16715.52,0,21,3,0,22153.49,4148.12,19506.8,24949.1,23691.391428571427,23316.022857142856,10612.534832623549
2011-03-22,31515.579999999998,1,22,3,0,16715.52,26019.55,10005.37,26372.670000000002,25486.734285714287,23116.645714285718,7302.007779555962
2011-03-23,24091.67,2,23,3,0,31515.579999999998,23493.49,32356.55,16208.75,26271.88142857143,24653.089285714286,7655.758197656291
2011-03-24,36697.14,3,24,3,0,24091.67,21948.36,25081.62,9624.69,26357.335714285717,24062.740714285716,7622.844475480427
2011-03-25,31394.21,4,25,3,0,36697.14,39904.94,22038.84,36388.75,28464.304285714286,24892.420714285716,8216.282789629533
2011-03-27,9241.35,6,27,3,1,31394.21,28171.79,26120.22,32498.35,27248.485714285714,25560.661428571428,6737.859645715578
2011-03-28,23176.72,0,28,3,0,9241.35,22153.49,25475.18,26891.6,24544.13714285714,24355.027857142857,9527.175631584507
2011-03-29,70711.92,1,29,3,0,23176.72,16715.52,4148.12,22809.84,24690.312857142857,24190.852142857144,9492.167978524418
2011-03-30,31885.28,2,30,3,0,70711.92,31515.579999999998,26019.55,20595.74,32404.08428571428,28945.409285714286,19054.669737917156
2011-03-31,34335.9,3,31,3,0,31885.28,24091.67,23493.49,9526.5,32456.89857142857,29364.390000000003,19052.308808060898
2011-04-01,25667.510000000002,4,1,4,0,34335.9,36697.14,21948.36,21755.63,33920.36,30138.84785714286,18692.709752522078
2011-04-03,6943.15,6,3,4,1,25667.510000000002,31394.21,39904.94,26354.96,32344.698571428573,30404.50142857143,18883.52214120329
2011-04-04,33254.24,0,4,4,0,6943.15,9241.35,28171.79,18690.79,28851.690000000002,28050.087857142855,21207.121169886952
2011-04-05,30144.77,1,5,4,0,33254.24,23176.72,22153.49,36404.0,32282.102857142858,28413.12,19368.767018404258
2011-04-06,17362.36,2,6,4,0,30144.77,70711.92,16715.52,19506.8,33277.53857142857,28983.925714285717,18998.327837897956
2011-04-07,18512.89,3,7,4,0,17362.36,31885.28,31515.579999999998,10005.37,25656.172857142858,29030.12857142857,10091.103774958972
2011-04-08,25295.64,4,8,4,0,18512.89,34335.9,24091.67,32356.55,23745.831428571426,28101.364999999998,9980.490435059543
2011-04-10,9913.98,6,10,4,1,25295.64,25667.510000000002,36697.14,25081.62,22454.365714285716,28187.36285714286,8909.155444150096
2011-04-11,22353.27,0,11,4,0,9913.98,6943.15,31394.21,22038.84,20203.861428571425,26274.28,9897.15359122923
2011-04-12,25570.3,1,12,4,0,22353.27,33254.24,9241.35,26120.22,22405.307142857142,25628.498571428576,7985.099062574272
2011-04-13,24484.420000000002,2,13,4,0,25570.3,30144.77,23176.72,25475.18,21307.601428571426,26794.852142857144,6664.007465925813
2011-04-14,36104.07,3,14,4,0,24484.420000000002,17362.36,70711.92,4148.12,20498.98,26888.259285714284,5684.386812550733
2011-04-15,28334.121,4,15,4,0,36104.07,18512.89,31885.28,26019.55,23176.367142857143,24416.269999999997,7930.690975599658
2011-04-17,12725.5,6,17,4,1,28334.121,25295.64,34335.9,23493.49,24579.400142857143,24162.615785714286,7836.347477173758
2011-04-18,56026.18,0,18,4,0,12725.5,9913.98,25667.510000000002,21948.36,22783.665857142856,22619.015785714284,8998.882971307097
2011-04-19,24338.7,1,19,4,0,56026.18,22353.27,6943.15,39904.94,29371.122999999996,24787.492214285714,13672.071042831214
2011-04-20,28670.47,2,20,4,0,24338.7,25570.3,33254.24,28171.79,29654.755857142856,26030.0315,13521.988555306905
2011-04-21,32615.63,3,21,4,0,28670.47,24484.420000000002,30144.77,22153.49,30097.63728571429,25702.61935714286,13416.271701558982
2011-04-26,31047.43,1,26,4,0,32615.63,36104.07,17362.36,16715.52,31259.238714285715,25879.109357142857,13199.52607786137
2011-04-27,25942.44,2,27,4,0,31047.43,28334.121,18512.89,31515.579999999998,30536.861571428573,26856.61435714286,13027.436455865036
2011-04-28,22501.55,3,28,4,0,25942.44,12725.5,25295.64,24091.67,30195.192857142858,27387.2965,13125.827495491141
2011-05-01,6973.66,6,1,5,1,22501.55,56026.18,9913.98,36697.14,31591.77142857143,27187.71864285714,11358.35254042512
2011-05-03,35229.41,1,3,5,0,6973.66,24338.7,22353.27,31394.21,24584.268571428573,26977.695785714284,8557.145636050709
2011-05-04,27544.15,2,4,5,0,35229.41,28670.47,25570.3,9241.35,26140.084285714285,27897.420071428573,9448.661659839943
2011-05-05,29174.29,3,5,5,0,27544.15,32615.63,24484.420000000002,23176.72,25979.181428571428,28038.409357142857,9407.891754033686
2011-05-06,36126.35,4,6,5,0,29174.29,31047.43,36104.07,70711.92,25487.56142857143,28373.400071428572,9087.766512413727
2011-05-08,18867.4,6,8,5,1,36126.35,25942.44,28334.121,31885.28,26213.12142857143,28374.9915,9781.884818766526
2011-05-09,27899.71,0,9,5,0,18867.4,22501.55,12725.5,34335.9,25202.40142857143,27698.797142857144,10172.242411642334
2011-05-10,47819.98,1,10,5,0,27899.71,6973.66,56026.18,25667.510000000002,25973.567142857144,28782.669285714284,10137.924617209606
2011-05-11,33687.25,2,11,5,0,47819.98,35229.41,24338.7,6943.15,31808.755714285715,28196.512142857147,9079.173942820793
2011-05-12,61903.09,3,12,5,0,33687.25,27544.15,28670.47,33254.24,31588.447142857145,28864.265714285717,9000.708406162146
2011-05-13,30749.95,4,13,5,0,61903.09,29174.29,32615.63,30144.77,36496.86714285715,31238.024285714284,14259.789823007839
2011-05-15,9924.28,6,15,5,1,30749.95,36126.35,31047.43,17362.36,36721.96142857143,31104.761428571426,14136.842430034196
2011-05-16,39651.28,0,16,5,0,9924.28,18867.4,25942.44,18512.89,32978.80857142857,29595.965,17410.650510245592
2011-05-17,55151.99,1,17,5,0,39651.28,27899.71,22501.55,25295.64,35947.934285714284,30575.167857142857,16342.503774331197
2011-05-18,34483.44,2,18,5,0,55151.99,47819.98,6973.66,9913.98,39841.11714285715,32907.34214285714,17322.376232753344
2011-05-19,35599.35,3,19,5,0,34483.44,33687.25,35229.41,22353.27,37935.897142857146,34872.32642857143,17029.49264868426
2011-05-20,26718.17,4,20,5,0,35599.35,61903.09,27544.15,25570.3,38209.05428571429,34898.750714285714,16965.199013780024
2011-05-22,24231.09,6,22,5,1,26718.17,30749.95,29174.29,24484.420000000002,33182.637142857144,34839.75214285714,13666.789879380036
2011-05-23,34685.6,0,23,5,0,24231.09,9924.28,36126.35,36104.07,32251.371428571427,34486.66642857143,14076.151890960176
2011-05-24,37660.04,1,24,5,0,34685.6,39651.28,18867.4,28334.121,35788.70285714285,34383.75571428572,10071.95590053183
2011-05-25,24408.12,2,25,5,0,37660.04,55151.99,27899.71,12725.5,35504.24,35726.08714285714,9972.309500742584
2011-05-26,33497.03,3,26,5,0,24408.12,34483.44,47819.98,56026.18,31112.25857142857,35476.68785714286,5755.360307010769
2011-05-27,28442.03,4,27,5,0,33497.03,35599.35,33687.25,24338.7,30971.342857142856,34453.62,5670.512961122472
2011-05-29,7394.3,6,29,5,1,28442.03,26718.17,61903.09,28670.47,29948.86857142857,34078.96142857143,5332.12123539795
2011-05-31,22714.06,1,31,5,0,7394.3,24231.09,30749.95,32615.63,27188.315714285713,30185.476428571426,10128.472135998401
2011-06-01,20595.69,2,1,6,0,22714.06,34685.6,9924.28,31047.43,26971.597142857143,29611.484285714287,10218.126855049866
2011-06-02,32826.14,3,2,6,0,20595.69,37660.04,39651.28,25942.44,24958.752857142856,30373.727857142854,9825.530142948588
2011-06-03,16913.25,4,3,6,0,32826.14,24408.12,55151.99,22501.55,24268.195714285714,29886.217857142856,8911.427651592236
2011-06-05,25639.54,6,5,6,1,16913.25,33497.03,34483.44,6973.66,23197.5,27154.879285714287,9332.132475159906
2011-06-06,17789.07,0,6,6,0,25639.54,28442.03,35599.35,35229.41,22075.00142857143,26523.172142857144,8302.563851448645
2011-06-07,37957.72,1,7,6,0,17789.07,7394.3,26718.17,27544.15,20553.149999999998,25251.009285714284,7907.94254774701
2011-06-08,43264.33,2,8,6,0,37957.72,22714.06,24231.09,29174.29,24919.35285714286,26053.834285714285,7869.0423375947075
2011-06-09,46389.1,3,9,6,0,43264.33,20595.69,34685.6,36126.35,27855.105714285717,27413.35142857143,10351.129727263078
2011-06-10,62234.439999999995,4,10,6,0,46389.1,32826.14,37660.04,18867.4,31539.878571428573,28249.315714285713,11822.59341538262
2011-06-12,12517.06,6,12,6,1,62234.439999999995,16913.25,24408.12,27899.71,35741.06428571429,30004.63,16611.212043782238
2011-06-13,22457.21,0,13,6,0,12517.06,25639.54,33497.03,47819.98,35113.037142857145,29155.268571428573,17500.95735962916
2011-06-14,40474.01,1,14,6,0,22457.21,17789.07,28442.03,33687.25,34658.41857142857,28366.71,17826.371463167947
2011-06-15,49097.99,2,15,6,0,40474.01,37957.72,7394.3,61903.09,37899.124285714286,29226.137142857147,16239.910123984559
2011-06-16,34584.68,3,16,6,0,49097.99,43264.33,22714.06,30749.95,39490.59142857143,32204.972142857147,16783.374070648464
2011-06-17,21076.17,4,17,6,0,34584.68,46389.1,20595.69,9924.28,38250.64142857143,33052.87357142857,16778.728613405583
2011-06-19,22442.18,6,19,6,1,21076.17,62234.439999999995,32826.14,39651.28,34634.508571428574,33087.19357142857,17446.811773417186
2011-06-20,37514.98,0,20,6,0,22442.18,12517.06,16913.25,55151.99,28949.899999999998,32345.48214285714,12826.019681371701
2011-06-21,24784.37,1,21,6,0,37514.98,22457.21,25639.54,34483.44,32521.031428571423,33817.03428571428,10809.657660178167
2011-06-22,21825.99,2,22,6,0,24784.37,40474.01,17789.07,35599.35,32853.48285714286,33755.95071428571,10479.296676695025
2011-06-23,25242.82,3,23,6,0,21825.99,49097.99,37957.72,26718.17,30189.48,34044.302142857145,10588.899370318628
2011-06-24,19521.96,4,24,6,0,25242.82,34584.68,43264.33,24231.09,26781.59857142857,33136.095,6562.403563297665
2011-06-26,7082.49,6,26,6,1,19521.96,21076.17,46389.1,34685.6,24629.78142857143,31440.211428571427,6024.84987998721
2011-06-27,17015.76,0,27,6,0,7082.49,22442.18,62234.439999999995,37660.04,22630.684285714284,28632.596428571425,8991.639200262442
2011-06-28,35607.32,1,28,6,0,17015.76,37514.98,12517.06,24408.12,21855.481428571427,25402.690714285713,9241.056195286803
2011-06-29,22088.32,2,29,6,0,35607.32,24784.37,22457.21,33497.03,21582.95857142857,27051.995,8715.465231979791
2011-06-30,44797.31,3,30,6,0,22088.32,21825.99,40474.01,28442.03,21197.808571428573,27025.645714285714,8609.335791647842
2011-07-01,13675.06,4,1,7,0,44797.31,25242.82,49097.99,7394.3,24479.425714285713,27334.45285714286,12422.310271603917
2011-07-03,6032.39,6,3,7,1,13675.06,19521.96,34584.68,22714.06,22826.88857142857,24804.24357142857,13057.042477126353
2011-07-04,44652.83,0,4,7,0,6032.39,7082.49,21076.17,20595.69,20899.807142857142,22764.794285714284,14537.625201948382
2011-07-05,40758.43,1,5,7,0,44652.83,17015.76,22442.18,32826.14,26266.99857142857,24448.84142857143,15490.29757667194
2011-07-06,26387.54,2,6,7,0,40758.43,35607.32,37514.98,16913.25,29658.808571428573,25757.145,15724.616891432212
2011-07-07,32445.71,3,7,7,0,26387.54,22088.32,24784.37,25639.54,28341.697142857145,24962.32785714286,15528.223715424057
2011-07-08,27082.1,4,8,7,0,32445.71,44797.31,21825.99,17789.07,29821.324285714283,25509.566428571427,15325.183582397836
2011-07-10,5993.87,6,10,7,1,27082.1,13675.06,25242.82,37957.72,27290.579999999998,25885.002857142856,13829.666458380969
2011-07-11,22605.02,0,11,7,0,5993.87,6032.39,19521.96,43264.33,26193.26714285714,24510.077857142856,15315.008159258621
2011-07-12,26262.55,1,12,7,0,22605.02,44652.83,7082.49,46389.1,28560.785714285714,24730.29642857143,12744.118843577595
2011-07-13,22641.94,2,13,7,0,26262.55,40758.43,17015.76,62234.439999999995,25933.602857142854,26100.300714285717,10586.85317068886
2011-07-14,33602.13,3,14,7,0,22641.94,26387.54,35607.32,12517.06,23345.532857142854,26502.170714285716,8333.282272725724
2011-07-15,14836.43,4,15,7,0,33602.13,32445.71,22088.32,22457.21,24376.18857142857,26358.942857142858,9175.781344618485
2011-07-17,17194.56,6,17,7,1,14836.43,27082.1,44797.31,40474.01,21860.57714285714,25840.950714285715,9007.048084727396
2011-07-18,38831.61,0,18,7,0,17194.56,5993.87,13675.06,49097.99,20448.071428571428,23869.325714285715,8825.178935703338
2011-07-19,50182.83,1,19,7,0,38831.61,22605.02,6032.39,34584.68,25139.17714285714,25666.222142857143,8585.72401523161
2011-07-20,33308.24,2,20,7,0,50182.83,26262.55,44652.83,21076.17,29078.864285714284,28819.825,12612.180578800118
2011-07-21,32818.54,3,21,7,0,33308.24,22641.94,40758.43,22442.18,30085.391428571427,28009.49714285714,12631.091984102111
2011-07-22,20124.86,4,22,7,0,32818.54,33602.13,26387.54,37514.98,31539.191428571427,27442.36214285714,12210.223169739718
2011-07-24,27099.46,6,24,7,1,20124.86,14836.43,32445.71,24784.37,29613.867142857143,26995.027857142857,12875.17268689854
2011-07-25,26887.15,0,25,7,0,27099.46,17194.56,27082.1,21825.99,31365.72857142857,26613.152857142853,11262.6735711323
2011-07-26,21644.261,1,26,7,0,26887.15,38831.61,5993.87,25242.82,32750.384285714284,26599.227857142858,9720.2678549357
2011-07-27,25602.93,2,27,7,0,21644.261,50182.83,22605.02,19521.96,30295.048714285716,27717.11292857143,10091.7920600631
2011-07-28,56269.74,3,28,7,0,25602.93,33308.24,26262.55,7082.49,26783.634428571426,27931.249357142857,5020.749005550697
2011-07-29,18790.4,4,29,7,0,56269.74,32818.54,22641.94,17015.76,30063.848714285712,30074.62007142857,12266.409601330752
2011-07-31,33490.61,6,31,7,1,18790.4,20124.86,33602.13,35607.32,28059.828714285715,29799.510071428573,12872.311860196645
2011-08-01,21388.92,0,1,8,0,33490.61,27099.46,14836.43,22088.32,29969.221571428567,29791.544357142855,12484.574916359585
2011-08-02,26580.6,1,2,8,0,21388.92,26887.15,17194.56,44797.31,29153.43014285714,30259.579357142855,12883.549582370968
2011-08-03,28113.14,2,3,8,0,26580.6,21644.261,38831.61,13675.06,29109.63728571429,30930.010785714287,12893.054355001866
2011-08-04,65502.21,3,4,8,0,28113.14,25602.93,50182.83,6032.39,30033.762857142858,30164.405785714283,12494.45350850361
2011-08-05,21538.58,4,5,8,0,65502.21,56269.74,33308.24,44652.83,35733.659999999996,31258.647214285713,18016.774043931975
2011-08-07,7578.91,6,7,8,1,21538.58,18790.4,32818.54,40758.43,30772.065714285716,30417.957214285714,16099.030359767932
2011-08-08,23377.65,0,8,8,0,7578.91,33490.61,20124.86,26387.54,29170.424285714285,28615.126500000002,17941.93432059179
2011-08-09,27679.44,1,9,8,0,23377.65,21388.92,27099.46,32445.71,27725.715714285714,28847.46864285714,17943.243818177438
2011-08-10,28792.34,2,10,8,0,27679.44,26580.6,26887.15,27082.1,28624.36142857143,28888.89578571429,17729.23294538285
2011-08-11,72433.79,3,11,8,0,28792.34,28113.14,21644.261,5993.87,28940.324285714283,29024.980785714284,17706.43307446843
2011-08-12,32231.35,4,12,8,0,72433.79,65502.21,25602.93,22605.02,35271.845714285715,32652.804285714286,24122.90341189529
2011-08-14,5718.57,6,14,8,1,32231.35,21538.58,56269.74,26262.55,30518.865714285716,33126.26285714286,20119.313984728607
2011-08-15,17243.97,0,15,8,0,5718.57,7578.91,18790.4,22641.94,28258.864285714284,29515.465,22088.370477479686
2011-08-16,19239.66,1,16,8,0,17243.97,23377.65,33490.61,33602.13,29639.58714285714,29405.00571428571,20847.4589966857
2011-08-17,53499.96,2,17,8,0,19239.66,27679.44,21388.92,14836.43,29048.445714285714,28387.080714285716,21111.607274145732
2011-08-18,54106.93,3,18,8,0,53499.96,28792.34,26580.6,17194.56,32737.091428571428,30680.72642857143,23003.475802461864
2011-08-19,17349.59,4,19,8,0,54106.93,72433.79,28113.14,38831.61,36353.46142857143,32646.89285714286,24236.753794131517
2011-08-21,14576.86,6,21,8,1,17349.59,32231.35,65502.21,50182.83,28484.29,31878.067857142854,18931.505546354056
2011-08-22,29651.46,0,22,8,0,14576.86,5718.57,21538.58,33308.24,25962.22,28240.542857142857,19516.069039284896
2011-08-23,25993.68,1,23,8,0,29651.46,17243.97,7578.91,32818.54,29381.204285714284,28820.034285714286,17355.309735592822
2011-08-24,49035.36,2,24,8,0,25993.68,19239.66,23377.65,20124.86,30631.162857142856,30135.375,16635.638179213067
2011-08-25,23827.46,3,25,8,0,49035.36,53499.96,27679.44,27099.46,34887.69142857143,31968.06857142857,17042.049136138194
2011-08-26,25626.44,4,26,8,0,23827.46,54106.93,28792.34,26887.15,30648.762857142858,31692.92714285714,15235.491472185098
2011-08-28,10805.03,6,28,8,1,25626.44,17349.59,72433.79,21644.261,26580.12142857143,31466.79142857143,11193.617393060003
2011-08-30,31866.31,1,30,8,0,10805.03,14576.86,32231.35,25602.93,25645.184285714287,27064.737142857142,12310.662512307359
2011-08-31,25380.17,2,31,8,0,31866.31,29651.46,5718.57,56269.74,28115.105714285713,27038.66285714286,11422.24064831107
2011-09-01,37370.15,3,1,9,0,25380.17,25993.68,17243.97,18790.4,27504.92142857143,28443.062857142857,11440.561636853707
2011-09-02,42322.02,4,2,9,0,37370.15,49035.36,19239.66,33490.61,29130.13142857143,29880.647142857146,11985.188322135315
2011-09-04,17119.59,6,4,9,1,42322.02,23827.46,53499.96,21388.92,28171.082857142854,31529.38714285714,10273.248554424816
2011-09-05,37157.14,0,5,9,0,17119.59,25626.44,54106.93,26580.6,27212.815714285713,28930.789285714283,11030.853084211712
2011-09-06,28349.91,1,6,9,0,37157.14,10805.03,17349.59,28113.14,28860.058571428573,27720.09,11600.700072068152
2011-09-07,34413.53,2,7,9,0,28349.91,31866.31,14576.86,65502.21,31366.47,28505.827142857142,8541.652456027909
2011-09-08,27195.8,3,8,9,0,34413.53,25380.17,29651.46,21538.58,31730.358571428573,29922.73214285714,8620.390463396378
2011-09-09,30075.62,4,9,9,0,27195.8,37370.15,25993.68,7578.91,31989.734285714283,29747.32785714286,8422.52126410076
2011-09-11,35511.67,6,11,9,1,30075.62,42322.02,49035.36,23377.65,30947.65857142857,30038.895,8090.598395107449
2011-09-12,29738.33,0,12,9,0,35511.67,17119.59,23827.46,27679.44,29974.75142857143,29072.917142857146,6801.653703297599
2011-09-13,55117.05,1,13,9,0,29738.33,37157.14,25626.44,28792.34,31777.428571428572,29495.122142857144,3864.9744321079975
2011-09-14,23592.98,2,14,9,0,55117.05,28349.91,10805.03,72433.79,34343.13,31601.594285714287,9655.266531755307
2011-09-15,78218.95,3,15,9,0,23592.98,34413.53,31866.31,32231.35,33663.56857142857,32515.019285714283,10293.682882421066
2011-09-16,27724.22,4,16,9,0,78218.95,27195.8,25380.17,5718.57,39921.485714285714,35825.92214285714,19774.766442093885
2011-09-18,15745.73,6,18,9,1,27724.22,30075.62,37370.15,17243.97,39996.974285714285,35993.35428571428,19719.020645776567
2011-09-19,49269.88,0,19,9,0,15745.73,35511.67,42322.02,19239.66,37949.84714285714,34448.752857142856,21576.967361598596
2011-09-20,109612.03,1,20,9,0,49269.88,29738.33,17119.59,53499.96,39915.305714285714,34945.02857142857,21941.400621791727
2011-09-21,48560.68,2,21,9,0,109612.03,55117.05,37157.14,54106.93,51325.83428571428,41551.631428571425,33494.307409343885
2011-09-22,59354.79,3,22,9,0,48560.68,23592.98,28349.91,17349.59,50389.21,42366.17,33462.27646981298
2011-09-23,40601.75,4,23,9,0,59354.79,78218.95,34413.53,14576.86,55498.04,44580.80428571429,31352.794543162065
2011-09-25,31372.661,6,25,9,1,40601.75,27724.22,27195.8,29651.46,50124.154285714285,45022.82,30004.15394807573
2011-09-26,29335.171,0,26,9,0,31372.661,15745.73,30075.62,25993.68,50645.360142857135,45321.16721428571,29578.864583967723
2011-09-27,36322.95,1,27,9,0,29335.171,49269.88,35511.67,49035.36,52586.708857142854,45268.278,27261.736047199658
2011-09-28,43749.06,2,28,9,0,36322.95,109612.03,29738.33,23827.46,50737.14742857143,45326.226571428575,27954.653369318243
2011-09-29,46401.45,3,29,9,0,43749.06,48560.68,55117.05,25626.44,41328.15171428572,46326.993,10421.556470781625
2011-09-30,44357.06,4,30,9,0,46401.45,59354.79,23592.98,10805.03,41019.690285714285,45704.45014285714,10201.436880524087
2011-10-02,11634.53,6,2,10,1,44357.06,40601.75,78218.95,31866.31,38877.15742857143,47187.59871428571,6673.89082336754
2011-10-03,66376.82,0,3,10,0,11634.53,31372.661,27724.22,25380.17,34738.98314285714,42431.56871428571,12155.657373388425
2011-10-04,48810.65,1,4,10,0,66376.82,29335.171,15745.73,37370.15,39739.57728571428,45192.468714285715,16838.14637875327
2011-10-05,75593.63,2,5,10,0,48810.65,36322.95,49269.88,42322.02,42521.788571428566,47554.24871428572,16436.68069387839
2011-10-06,62891.19,3,6,10,0,75593.63,43749.06,109612.03,17119.59,48131.885714285716,49434.516571428576,20231.969749099946
2011-10-07,53790.7,4,7,10,0,62891.19,46401.45,48560.68,37157.14,50866.47571428572,46097.313714285716,20825.77579207544
2011-10-09,12524.4,6,9,10,1,53790.7,44357.06,59354.79,28349.91,51922.08285714286,46470.88657142857,20748.8638725688
2011-10-10,48239.18,0,10,10,0,12524.4,11634.53,40601.75,34413.53,47374.56,43125.858714285714,25603.646246656623
2011-10-11,52572.94,1,11,10,0,48239.18,66376.82,31372.661,27195.8,52603.79571428573,43671.389428571434,20270.10806992311
2011-10-12,32159.28,2,12,10,0,52572.94,48810.65,29335.171,30075.62,50631.81285714287,45185.69507142856,19357.80388015965
2011-10-13,37446.18,3,13,10,0,32159.28,75593.63,36322.95,35511.67,48253.04571428571,45387.41714285714,20602.004475870675
2011-10-14,36347.64,4,14,10,0,37446.18,62891.19,43749.06,29738.33,42803.409999999996,45467.64785714286,16872.29791747507
2011-10-16,22010.96,6,16,10,1,36347.64,53790.7,46401.45,55117.05,39011.474285714285,44938.975,14408.060520832156
2011-10-17,52062.2,0,17,10,0,22010.96,12524.4,44357.06,23592.98,34471.51142857143,43196.79714285715,13975.373470782379
2011-10-18,45332.16,1,18,10,0,52062.2,48239.18,11634.53,78218.95,40119.76857142857,43747.16428571428,11374.703988698546
2011-10-19,42573.36,2,19,10,0,45332.16,52572.94,66376.82,27724.22,39704.479999999996,46154.13785714286,11078.058458490532
2011-10-20,61122.9,3,20,10,0,42573.36,32159.28,48810.65,15745.73,38275.96857142857,44453.89071428571,9701.27973199316
2011-10-21,63226.64,4,21,10,0,61122.9,37446.18,75593.63,49269.88,42413.62857142858,45333.33714285714,12445.988345132788
2011-10-23,12339.16,6,23,10,1,63226.64,36347.64,62891.19,109612.03,46096.55142857142,44449.98071428571,14393.136149669204
2011-10-24,48752.91,0,24,10,0,12339.16,22010.96,53790.7,48560.68,42666.76857142857,40839.12142857143,19170.9438918514
2011-10-25,41314.64,1,25,10,0,48752.91,52062.2,12524.4,59354.79,46487.04714285715,40479.279285714285,16898.557775901783
2011-10-26,38059.43,2,26,10,0,41314.64,45332.16,48239.18,40601.75,44951.68142857143,42535.725,16795.523017398053
2011-10-27,57291.72,3,27,10,0,38059.43,42573.36,52572.94,31372.661,43912.719999999994,41808.59999999999,16991.860014080277
2011-10-28,40565.7,4,28,10,0,57291.72,61122.9,32159.28,29335.171,46015.34285714286,42145.65571428572,17694.615169891582
2011-10-30,34571.23,6,30,10,1,40565.7,63226.64,37446.18,36322.95,43078.6,42746.114285714284,16430.08191421151
2011-10-31,57369.15,0,31,10,0,34571.23,12339.16,36347.64,43749.06,38984.969999999994,42540.760714285716,13957.15308054859
2011-11-01,29155.15,1,1,11,0,57369.15,48752.91,22010.96,46401.45,45417.82571428571,44042.29714285715,9193.477650974197
2011-11-02,45888.34,2,2,11,0,29155.15,41314.64,52062.2,44357.06,42618.14571428572,44552.59642857143,10844.388452038016
2011-11-03,63561.49,3,3,11,0,45888.34,38059.43,45332.16,11634.53,43271.53142857143,44111.60642857143,10890.448557259453
2011-11-04,62977.36,4,4,11,0,63561.49,57291.72,42573.36,66376.82,46914.68285714286,45413.701428571425,12930.71130988768
2011-11-06,42946.340000000004,6,6,11,1,62977.36,40565.7,61122.9,48810.65,47726.91714285714,46871.13,13837.921299007441
2011-11-07,85881.81,0,7,11,0,42946.340000000004,34571.23,63226.64,75593.63,48067.00857142858,45572.80428571429,13660.707929790738
2011-11-08,57700.24,1,8,11,0,85881.81,57369.15,12339.16,62891.19,55397.09142857143,47191.03071428572,18218.132047694875
2011-11-09,66127.57,2,9,11,0,57700.24,29155.15,48752.91,53790.7,55444.39000000001,50431.10785714286,18224.533967943677
2011-11-10,71008.26,3,10,11,0,66127.57,45888.34,41314.64,12524.4,60726.16428571429,51672.15499999999,14262.585366326857
2011-11-11,55257.17,4,11,11,0,71008.26,63561.49,38059.43,48239.18,64314.724285714285,53793.12785714285,13012.456664156878
2011-11-13,34069.92,6,13,11,1,55257.17,62977.36,57291.72,52572.94,63128.392857142855,55021.53785714286,13463.310777565923
2011-11-14,114419.89,0,14,11,0,34069.92,42946.340000000004,40565.7,32159.28,58998.758571428574,53362.837857142855,17380.8290034791
2011-11-15,60807.29,1,15,11,0,114419.89,85881.81,34571.23,37446.18,69209.2657142857,58638.13714285714,25483.98116176566
2011-11-16,65958.17,2,16,11,0,60807.29,57700.24,57369.15,36347.64,65627.19142857143,60512.14142857143,24492.857614500186
2011-11-17,61103.13,3,17,11,0,65958.17,66127.57,29155.15,22010.96,66806.89571428571,61125.642857142855,24245.039070556144
2011-11-18,51275.39,4,18,11,0,61103.13,71008.26,45888.34,52062.2,66089.11857142857,63407.64142857143,24342.68044986856
2011-11-20,35058.57,6,20,11,1,51275.39,55257.17,63561.49,45332.16,63270.137142857144,63792.430714285714,24816.051783196483
2011-11-21,49805.72,0,21,11,0,35058.57,34069.92,62977.36,42573.36,60384.62285714286,61756.50785714285,26982.772547219014
2011-11-22,64089.82,1,22,11,0,49805.72,114419.89,42946.340000000004,61122.9,62632.59428571428,60815.67642857142,25008.318803967228
2011-11-23,80104.18,2,23,11,0,64089.82,60807.29,85881.81,63226.64,55442.58428571429,62325.924999999996,10884.40673002719
2011-11-24,50978.63,3,24,11,0,80104.18,65958.17,57700.24,12339.16,58199.282857142854,61913.23714285714,14358.739416965642
2011-11-25,50822.73,4,25,11,0,50978.63,61103.13,66127.57,48752.91,56059.34857142857,61433.12214285714,14123.990539878598
2011-11-27,20611.08,6,27,11,1,50822.73,51275.39,71008.26,41314.64,54590.719999999994,60339.91928571428,14046.39340673847
2011-11-28,57165.19,0,28,11,0,20611.08,35058.57,55257.17,38059.43,50210.10428571428,56740.12071428572,19118.503121706337
2011-11-29,72595.93,1,29,11,0,57165.19,49805.72,34069.92,57291.72,53368.192857142865,56876.407857142854,17991.16696138756
2011-11-30,60126.96,2,30,11,0,72595.93,64089.82,114419.89,40565.7,56623.93714285714,59628.26571428571,19256.63564676835
2011-12-01,52197.25,3,1,12,0,60126.96,80104.18,60807.29,34571.23,56057.81428571429,55750.19928571429,19057.79103704382
2011-12-02,57664.07,4,2,12,0,52197.25,50978.63,65958.17,57369.15,52071.11,55135.19642857143,15835.697913135988
2011-12-04,24621.43,6,4,12,1,57664.07,50822.73,61103.13,29155.15,53026.172857142854,54542.76071428571,15959.942794175564
2011-12-05,88741.96,0,5,12,0,24621.43,20611.08,51275.39,45888.34,49283.130000000005,51936.924999999996,19288.253383441257
2011-12-06,56713.21,1,6,12,0,88741.96,57165.19,35058.57,63561.49,59016.11285714286,54613.10857142857,19595.98784695197
2011-12-07,75439.16,2,7,12,0,56713.21,72595.93,49805.72,62977.36,58951.544285714284,56159.868571428575,19603.84613892031
2011-12-08,82495.0,3,8,12,0,75439.16,60126.96,64089.82,42946.340000000004,59357.72000000001,57990.82857142858,19959.88502002785
2011-12-09,200920.6,4,9,12,0,82495.0,52197.25,80104.18,85881.81,62553.15428571428,59305.48428571429,21808.440467614684
